response,label,score
Longevity,Very Positive,0.4585770070552826
Cats. Undrlying menace of a plot,Very Negative,0.5090976357460022
"The world and world building. Some moments in the comic are pretty good when they get good (Basitin Isles arc, Edinmire Arrival arc, Manor arc, Assassin brothers encounter arc). The art (especially in the later chapters) is really great as well.",Positive,0.9397218823432922
I really liked the fun 2000s fantasy (almost jrpg vibes) that the early chapters had. The new stuff is good too! The whole “cute girls doing cute things” has its place as well,Positive,0.9273954629898071
"It's well developed and intriguing, and I like these kinds of comic stories.",Positive,0.9159215688705444
"I enjoy the character relationships and the community, they’re all very talented and I enjoy it whenever fanart sprouts up. ",Positive,0.8866420984268188
I like the character design,Positive,0.8782508969306946
The writing of the characters for some reason really connects with me on a very emotional level,Positive,0.8747856020927429
great place for art to prosper,Positive,0.8722568154335022
"The tangible development of the writing and art over the years, it's really fascinating to go back and see how far Tom has come as an artist and creator.",Positive,0.8711448311805725
"Its progression. How it went from a simple, silly tale in the beginning to the mature story it is now. Seeing over two decades worth of art and story development really stuck the world and its characters into my mind and inspired me.",Positive,0.8701527714729309
"The setting, even though it isnt the most well written setting at all, it has an appeal with how tom has written it and built it in the past. ",Positive,0.8407168388366699
"I like the comedic character interactions, especially the awkward/horny ones.",Positive,0.7947226762771606
The best part about Twokinds is probably it's community,Positive,0.7797101736068726
The art is wonderful and the emotions are rich.,Positive,0.772734522819519
"The art evolution, and also the characters. I don't think the story is particularly groundbreaking but I DO really like the characters.",Positive,0.7562385201454163
The funny moments and drama,Positive,0.7108604311943054
"Hot furry man, hot furry women, hot humans.... Personality and surprisingly good characteristic development. And characters you will love them for a lot of reasons. not from looks, but who they are, and what they are. ",Positive,0.6827403903007507
I love the diverse cast of characters! ,Positive,0.675865113735199
"The characters, story and toms beautiful art!

Also very hot fox women.",Positive,0.6750295758247375
"Dedication of a lot of the fans, who followed along for longer then i've lived for",Positive,0.5519813299179077
I like the art,Positive,0.5419373512268066
The characters (mostly Mike),Positive,0.5381571054458618
The community,Positive,0.5041518807411194
"A consistent storyline with excellent art, a rarity nowadays in an era of AI slop and shitty “story beats” that were put in for the sake of a quota. This is truly original and Tom has not deviated from this, even owning his mistakes.",Positive,0.5007558465003967
Great story and hot+loveable characters tbh,Positive,0.47761106491088867
story,Positive,0.46202829480171204
Sketch  arts that got released ,Positive,0.4411129653453827
Tom’s art style ,Positive,0.4036549925804138
"Artstyle, story, charcaters (Flora !)",Positive,0.37577664852142334
The story probably,Positive,0.3675747513771057
I love the theme of characters having dual backgrounds and how the world and its different inhabitants view and treat them. Internalized hatred is a theme explored in the comic.,Neutral,0.9322730898857117
Characters and their interactions ,Neutral,0.9289066791534424
The relationship between Keith and Natani. ,Neutral,0.9109607934951782
"The characters, story, and art style.",Neutral,0.8947865962982178
The story and the characters,Neutral,0.8882339000701904
Different species,Neutral,0.8870377540588379
"Art style, and the universe it's set in",Neutral,0.8866821527481079
"Variety of characters, and the development of these characters. ",Neutral,0.8766254782676697
The characters and the story,Neutral,0.868133544921875
The emotional swing the story takes with the characters interacting with each other ,Neutral,0.8680661916732788
The change through the years.,Neutral,0.8588048219680786
The art progression,Neutral,0.85609370470047
"The World building, the characters, the writing",Neutral,0.8467925190925598
The story and character design,Neutral,0.8435250520706177
the characters and art,Neutral,0.8244047164916992
"The transformation themes, and the gay wolf and basitin",Neutral,0.8106260299682617
The character interractions between races,Neutral,0.803843080997467
The longevity of the comic,Neutral,0.799551784992218
"The art, story and character growth ",Neutral,0.7987114787101746
The art and characters ,Neutral,0.7855725288391113
The characters and art. ,Neutral,0.7840697765350342
The creator's creativity and persistence in keeping the work captivating over the years.,Neutral,0.7623283863067627
Characters,Neutral,0.7531086802482605
The unpredictability and randomness of the characters,Neutral,0.7500311732292175
World building,Neutral,0.7379139065742493
The heartfelt tale of people in between identities,Neutral,0.7374122142791748
The characters and designs,Neutral,0.7290024757385254
The characters and art,Neutral,0.6904690861701965
the characters,Neutral,0.6849644184112549
the characters,Neutral,0.6849644184112549
the characters,Neutral,0.6849644184112549
Romance and ecchi,Neutral,0.6767640709877014
"The characters, and how their nuance grew with the years.",Neutral,0.6522560119628906
Character designs and personality,Neutral,0.6260518431663513
The story.,Neutral,0.6024420261383057
Character designs,Neutral,0.5812884569168091
The worldbuilding,Neutral,0.5762829780578613
The art.,Neutral,0.5591593980789185
The world building ,Neutral,0.5519201159477234
How it look (style),Neutral,0.5496871471405029
Art style,Neutral,0.5376346111297607
The worldbuilding & artwork,Neutral,0.5317144989967346
Sythe,Neutral,0.5304992198944092
Sketch-verse,Neutral,0.5122001767158508
The Lore and Characters,Neutral,0.48649656772613525
the world,Neutral,0.45529112219810486
The characters ,Neutral,0.4296816289424896
The characters,Neutral,0.4296816289424896
The characters,Neutral,0.4296816289424896
The characters,Neutral,0.4296816289424896
The story,Neutral,0.423056036233902
The art,Neutral,0.4075648784637451
The art,Neutral,0.4075648784637451
The art,Neutral,0.4075648784637451
Art,Neutral,0.3938656151294708
Art,Neutral,0.3938656151294708
The chatacters,Neutral,0.3503226637840271
Furry comic + the slow refinement over the years of the social commentary being made about discrimination,Negative,0.7352062463760376
"Keith's trauma, my sad little comfort character <3",Negative,0.5703333616256714
I like fantasy and furries.,Negative,0.5433923602104187
Tom-s art and writing progression over they ywars as both have improved greatly,Negative,0.5009293556213379
Sexy furries ,Negative,0.4696196913719177
"While the racial metaphor in Twokinds using Keidran as the oppressed race, is done to death trope using a fictional race for racism; the way it is talked about within the comic is actually interesting and more real than what other media does.",Negative,0.4560984969139099
